problem_id,same_source,luar_avg_score,luar_tru_score,cisr_avg_score,cisr_tru_score,znorm_score,lex_score
11c1ce74-d774-11ec-9b41-992cfacb18f3,True,0.3881300091743469,0.3881300687789917,0.12310248613357544,0.12310260534286499,1.071642472260095,0.5127038946718627
117b6dee-d774-11ec-9b41-992cfacb18f3,True,0.46161437034606934,0.46161437034606934,0.10298186540603638,0.10298168659210205,0.8894270550902266,0.2978518749619673
11a43396-d774-11ec-9b41-992cfacb18f3,True,0.4586101174354553,0.4586102366447449,0.3759084939956665,0.3759080767631531,1.0057105185718196,0.8882330566678709
11533374-d774-11ec-9b41-992cfacb18f3,True,0.38911134004592896,0.38911139965057373,0.3469453454017639,0.2903478145599365,0.6968560093789282,1.2560382021193206
1167fafc-d774-11ec-9b41-992cfacb18f3,True,0.6599044799804688,0.6599044799804688,0.476706326007843,0.5247727632522583,1.0730578775709287,1.0090830459960318
1152be62-d774-11ec-9b41-992cfacb18f3,True,0.40462732315063477,0.40462738275527954,0.11665886640548706,0.1325395107269287,1.044663518179165,0.935399903997067
115fb482-d774-11ec-9b41-992cfacb18f3,True,0.7574340552091599,0.7574340552091599,0.5136991143226624,0.4934629797935486,1.1488001829047223,1.3933872161250336
116d77b6-d774-11ec-9b41-992cfacb18f3,True,0.6271742880344391,0.6271742582321167,0.27309882640838623,0.27309906482696533,0.7112104508437787,0.8462914530717371
117b2672-d774-11ec-9b41-992cfacb18f3,True,0.4465073347091675,0.4465072751045227,0.29077011346817017,0.1629214882850647,1.057427191932345,0.159944167823996
11a1fe64-d774-11ec-9b41-992cfacb18f3,True,0.5371168851852417,0.5371168553829193,0.5205773115158081,0.9722548052668571,0.8152989605246969,0.18924387629490846
1152362c-d774-11ec-9b41-992cfacb18f3,True,0.4691271185874939,0.4691271185874939,0.12320798635482788,0.12320780754089355,1.1032528313066887,1.602372337133957
1168f632-d774-11ec-9b41-992cfacb18f3,True,0.5396127104759216,0.5396126508712769,0.5256426930427551,0.5256434679031372,0.8695108241196338,1.1261452578239246
11acc826-d774-11ec-9b41-992cfacb18f3,True,0.4146322011947632,0.41463226079940796,0.17477178573608398,0.17477184534072876,0.9780970229087849,0.7188371076786969
11a64794-d774-11ec-9b41-992cfacb18f3,True,0.4378555417060852,0.43785542249679565,0.9484097883105278,0.8776691630482674,1.0448403535236526,0.3717649498948291
11cbd798-d774-11ec-9b41-992cfacb18f3,True,0.265386700630188,0.26538676023483276,0.2790791988372803,0.27103012800216675,0.9558351783250718,0.27929270549450624
11bcdbda-d774-11ec-9b41-992cfacb18f3,True,0.6541216373443604,0.6541217267513275,0.3720228672027588,0.37202244997024536,0.912296873859942,1.6631706463511664
11a308ae-d774-11ec-9b41-992cfacb18f3,True,0.33066171407699585,0.3306616544723511,0.18507981300354004,0.283988356590271,0.9833672360058293,0.6434837026699672
114c9a50-d774-11ec-9b41-992cfacb18f3,True,0.08147621154785156,0.08147609233856201,0.005863547325134277,0.005863785743713379,0.008192244382556835,0.0019065734457935912
1151d0a6-d774-11ec-9b41-992cfacb18f3,True,0.6537109315395355,0.6537109017372131,0.29036659002304077,0.29036635160446167,1.0651885286923133,0.9412122702581001
1168deb8-d774-11ec-9b41-992cfacb18f3,True,0.5672078132629395,0.5672078430652618,0.1306118369102478,0.13061201572418213,1.1123370892430833,1.092806716940201
11a550be-d774-11ec-9b41-992cfacb18f3,True,0.4903513193130493,0.4903513193130493,1.211459681391716,1.2114590555429459,0.7361112343680053,0.9222139748289373
11609b5e-d774-11ec-9b41-992cfacb18f3,True,0.525728166103363,0.5257280170917511,0.11781376600265503,0.11144274473190308,0.8645914651583931,1.2756340559768744
118cde26-d774-11ec-9b41-992cfacb18f3,True,0.48811501264572144,0.48811501264572144,0.237052321434021,0.23705118894577026,0.9362511229831477,0.5605242527864991
11718b8a-d774-11ec-9b41-992cfacb18f3,True,0.4125745892524719,0.4125746488571167,0.5429222583770752,0.3102649450302124,1.0313353321915193,1.7478157611773892
1177e5f2-d774-11ec-9b41-992cfacb18f3,True,0.5951972007751465,0.5951971709728241,0.11906588077545166,0.11906576156616211,1.0413877374027884,1.282008369776852
116805ba-d774-11ec-9b41-992cfacb18f3,True,0.421317458152771,0.4213173985481262,0.4197779893875122,0.41977816820144653,1.043326922310704,1.030846021689629
117c132a-d774-11ec-9b41-992cfacb18f3,True,0.46227216720581055,0.4622722268104553,0.7340637743473053,0.7340627312660217,0.859262676743209,1.4685654545499758
11a3788e-d774-11ec-9b41-992cfacb18f3,True,0.5858599543571472,0.585860013961792,0.4144986867904663,0.4144987463951111,1.0314699755469272,1.519904535643979
119d95fe-d774-11ec-9b41-992cfacb18f3,True,0.3850829601287842,0.3850829601287842,0.2097642421722412,0.1623140573501587,0.9712303866003082,1.7021658609935288
117198dc-d774-11ec-9b41-992cfacb18f3,True,0.6409050226211548,0.6409050822257996,0.40996652841567993,0.40996652841567993,0.8933728064005015,0.7567082751759061
114ce4f6-d774-11ec-9b41-992cfacb18f3,True,0.26250022649765015,0.27448946237564087,0.2352769374847412,0.22348552942276,0.824495949445164,0.3176336007264736
11ad62f4-d774-11ec-9b41-992cfacb18f3,True,0.4201509356498718,0.4201509356498718,0.06811726093292236,0.06811696290969849,0.8967971798109494,1.6162758271466062
11724a66-d774-11ec-9b41-992cfacb18f3,True,0.5738304853439331,0.5738304555416107,0.437460720539093,0.4374620318412781,0.7028739498197862,1.364540793046334
11ad82a2-d774-11ec-9b41-992cfacb18f3,True,0.5195487439632416,0.5195487439632416,0.5202942788600922,0.5202946662902832,1.0487329538343406,0.405301464223782
11448040-d774-11ec-9b41-992cfacb18f3,True,0.4854844808578491,0.4854844808578491,0.14538687467575073,0.1453869342803955,0.9365131341471906,0.8709522818873057
11996394-d774-11ec-9b41-992cfacb18f3,True,0.41088640689849854,0.41088640689849854,0.672646164894104,0.6066943407058716,0.9318115662666118,1.0991024780430625
115d22e4-d774-11ec-9b41-992cfacb18f3,True,0.3853359818458557,0.3728402256965637,0.3201978802680969,0.13116461038589478,1.048842253865574,0.9370830938255111
11c45ab8-d774-11ec-9b41-992cfacb18f3,True,0.47356027364730835,0.47356027364730835,0.16348063945770264,0.16348063945770264,0.8732347324117623,1.2113024566655046
11bb797a-d774-11ec-9b41-992cfacb18f3,True,0.5346010029315948,0.5346010029315948,0.7964768409729004,0.7964764088392258,1.0101094540040358,0.6763552571672056
1193d88e-d774-11ec-9b41-992cfacb18f3,True,0.4318222999572754,0.4318222999572754,0.2584618330001831,0.2584616541862488,0.7741496342167502,1.3228110979071923
11a47496-d774-11ec-9b41-992cfacb18f3,True,0.3784167766571045,0.3784167766571045,0.15340197086334229,0.15340209007263184,0.9169637840212003,0.6128685353981214
11537852-d774-11ec-9b41-992cfacb18f3,True,0.5113632082939148,0.51136314868927,0.4976341128349304,0.4875457286834717,0.8958380182358879,0.5875292043475793
114ba898-d774-11ec-9b41-992cfacb18f3,True,0.6307270526885986,0.6307269930839539,1.2811029851436615,1.193134069442749,0.9435731809745154,1.0240001553372733
11c5f79c-d774-11ec-9b41-992cfacb18f3,True,0.6383241713047028,0.6383241415023804,0.6711065471172333,0.6711079180240631,0.749245521383801,0.3975551063033008
11c0777c-d774-11ec-9b41-992cfacb18f3,True,0.5084355473518372,0.5084356069564819,0.2905731797218323,0.32116490602493286,1.0087266040009155,0.6665970641096788
117640e4-d774-11ec-9b41-992cfacb18f3,True,0.41047656536102295,0.41047656536102295,0.4328346848487854,0.5454283654689789,1.0550352541542163,0.801622704891257
115d4706-d774-11ec-9b41-992cfacb18f3,True,0.4051133394241333,0.4051133394241333,0.562898725271225,0.37325888872146606,0.8530375634256422,0.33500245746086466
117ee898-d774-11ec-9b41-992cfacb18f3,True,0.43240851163864136,0.43240857124328613,1.0838912203907967,1.08389213681221,0.863262070123519,0.6331726236639135
1194e076-d774-11ec-9b41-992cfacb18f3,True,0.415283739566803,0.4152836799621582,0.6085193455219269,0.5889019668102264,1.0038894785924732,1.6975220365355292
115fce86-d774-11ec-9b41-992cfacb18f3,True,0.49680227041244507,0.4968022108078003,0.3222687840461731,0.32226741313934326,0.944236120879805,1.2465557027553444
116fdfec-d774-11ec-9b41-992cfacb18f3,True,0.5406104028224945,0.6282896101474762,1.1782006919384003,0.5866944193840027,1.1027293225463217,0.7279367269859642
116e272e-d774-11ec-9b41-992cfacb18f3,True,0.501007616519928,0.5010077059268951,0.33106666803359985,0.33106666803359985,0.9473236317702122,1.5365605265535056
116c9242-d774-11ec-9b41-992cfacb18f3,True,0.369571328163147,0.369571328163147,0.176824152469635,0.17682421207427979,1.079794692015944,0.35370472191292734
11bef884-d774-11ec-9b41-992cfacb18f3,True,0.42893052101135254,0.42893046140670776,0.21195966005325317,0.21195971965789795,1.0673878524426819,1.6408748321212052
11aacef4-d774-11ec-9b41-992cfacb18f3,True,0.2872833013534546,0.2872833013534546,0.8129838407039642,0.7809763550758362,0.7970131727285341,1.2062549957762159
11822ac6-d774-11ec-9b41-992cfacb18f3,True,0.39030253887176514,0.39030253887176514,0.4004631042480469,0.40046173334121704,0.8593780044346743,0.7120483477703794
11a8537c-d774-11ec-9b41-992cfacb18f3,True,0.387525737285614,0.4499216079711914,1.264492243528366,0.868267610669136,1.1895252772042166,1.157405927527213
1193a2ce-d774-11ec-9b41-992cfacb18f3,True,0.48874324560165405,0.4887430667877197,0.343650221824646,0.3361063599586487,0.9810986944150922,0.7662155473744943
116cb1b4-d774-11ec-9b41-992cfacb18f3,True,0.2698928713798523,0.2698928713798523,0.3712332248687744,0.3028709888458252,0.9580276407626068,1.0940484958978622
117a8424-d774-11ec-9b41-992cfacb18f3,True,0.5398106873035431,0.5398106873035431,0.3849484324455261,0.2870297431945801,0.9615069122436228,1.4098192871336068
11957aa4-d774-11ec-9b41-992cfacb18f3,True,0.4311424493789673,0.4311423897743225,0.07291340827941895,0.07291358709335327,1.0498494341547542,1.0336491950938471
11bee93e-d774-11ec-9b41-992cfacb18f3,True,0.5289724767208099,0.5289725661277771,0.6669044494628906,0.645651251077652,0.7830051165133236,0.3494748897963016
11ac9ad6-d774-11ec-9b41-992cfacb18f3,True,0.5095407664775848,0.5095407962799072,0.18240255117416382,0.1824026107788086,1.0693635033152462,0.795848945396168
114b8c82-d774-11ec-9b41-992cfacb18f3,True,0.4051350951194763,0.4051350951194763,0.32991474866867065,0.32991504669189453,1.016099019658878,0.9702284252957402
119da346-d774-11ec-9b41-992cfacb18f3,True,0.5098888576030731,0.5098888278007507,0.4055625796318054,0.4055631756782532,0.8849527377046738,0.158472356912435
119448c8-d774-11ec-9b41-992cfacb18f3,True,0.5536358058452606,0.5536357760429382,0.6073533892631531,0.5280646085739136,0.9474355209307144,0.4567661966546498
115467f8-d774-11ec-9b41-992cfacb18f3,True,0.38660818338394165,0.3866083025932312,0.17898744344711304,0.1948794722557068,1.0042895504848737,0.5585846357108233
114526c6-d774-11ec-9b41-992cfacb18f3,True,0.49259793758392334,0.49259793758392334,0.17738020420074463,0.17737984657287598,0.8859361193418148,0.3527399202510165
1146655e-d774-11ec-9b41-992cfacb18f3,True,0.5707784295082092,0.5707784295082092,0.35539817810058594,0.3553978204727173,1.0686377808320804,0.9453350684504355
119b8426-d774-11ec-9b41-992cfacb18f3,True,0.42450594902038574,0.4245058298110962,0.18515175580978394,0.18498367071151733,0.9118776058406401,0.7501060068910526
11a9632a-d774-11ec-9b41-992cfacb18f3,True,0.4261181354522705,0.4261181950569153,0.28611117601394653,0.2861114740371704,0.8741011447692689,1.4141365623168654
11ccebe2-d774-11ec-9b41-992cfacb18f3,True,0.620689183473587,0.6206891238689423,1.0819577500224113,0.6997616589069366,0.7492375319140185,0.7793877231612188
1152a828-d774-11ec-9b41-992cfacb18f3,True,0.42058902978897095,0.4205891489982605,1.049475997686386,1.049476731568575,0.9917400116833486,1.1883071329527908
115ca99a-d774-11ec-9b41-992cfacb18f3,True,0.4486016631126404,0.4486016035079956,0.890853226184845,0.8908530846238136,1.0149831089601815,0.7567451178076655
1155dbf6-d774-11ec-9b41-992cfacb18f3,True,0.4676469564437866,0.4676469564437866,0.0858188271522522,0.09131360054016113,1.0347838809814598,0.8590984413670186
119f1442-d774-11ec-9b41-992cfacb18f3,True,0.45924580097198486,0.4592457413673401,1.002210196107626,1.002209660364315,1.0115987896140435,1.0911965449111185
1153282a-d774-11ec-9b41-992cfacb18f3,True,0.4675920605659485,0.46759212017059326,0.10537493228912354,0.15667724609375,0.8890720112442182,1.6498372899822509
11ad0188-d774-11ec-9b41-992cfacb18f3,True,0.47705429792404175,0.4770544171333313,0.08527082204818726,0.08527112007141113,1.0077128508059339,1.067736687500783
117452fc-d774-11ec-9b41-992cfacb18f3,True,0.407043993473053,0.4070439338684082,0.36843550205230713,0.36843574047088623,0.9548316086874494,0.41414983795075844
11718914-d774-11ec-9b41-992cfacb18f3,True,0.663877010345459,0.6638769209384918,0.10553503036499023,0.10553503036499023,1.2133812028550008,1.0427356542033666
116f1c6a-d774-11ec-9b41-992cfacb18f3,True,0.7404710948467255,0.7404711842536926,0.3145850896835327,0.31458568572998047,0.9216387111074977,0.8043656968580213
11608cc2-d774-11ec-9b41-992cfacb18f3,True,0.35482120513916016,0.35482120513916016,0.4422878623008728,0.44228821992874146,1.0271620999694333,0.6633760726216049
11a9223e-d774-11ec-9b41-992cfacb18f3,True,0.37986838817596436,0.3798683285713196,0.4612134099006653,0.46121305227279663,1.0182508652500377,0.7819430625175232
1153f246-d774-11ec-9b41-992cfacb18f3,True,0.6232100129127502,0.6232101023197174,0.7229276299476624,0.7229268848896027,0.7453752883536175,1.8059631438273531
11c8c2c4-d774-11ec-9b41-992cfacb18f3,True,0.4803110361099243,0.4803110361099243,0.6447100937366486,0.6447107791900635,0.9502900072882008,0.7126216491161108
1146ba5e-d774-11ec-9b41-992cfacb18f3,True,0.565650075674057,0.5656500160694122,0.6959467530250549,0.6959472894668579,1.014507861106838,0.9866203594488756
11a14b4a-d774-11ec-9b41-992cfacb18f3,True,0.5364398062229156,0.5364397466182709,1.0001457335456507,1.0001450692798244,0.9011711701600668,0.6192704914128897
1175815e-d774-11ec-9b41-992cfacb18f3,True,0.38482898473739624,0.38482898473739624,0.7630603015422821,0.5264557898044586,1.1910236873703473,1.3757730907873142
11999fbc-d774-11ec-9b41-992cfacb18f3,True,0.486863911151886,0.48686373233795166,0.22962814569473267,0.22962814569473267,0.49489940403454435,1.491450571580438
11bbaddc-d774-11ec-9b41-992cfacb18f3,True,0.48766016960144043,0.48766016960144043,0.409801185131073,0.4098008871078491,0.9953840103897289,1.0192092390993601
115bb526-d774-11ec-9b41-992cfacb18f3,True,0.6045548021793365,0.6045547723770142,0.7041729688644409,0.9163913056254387,0.9782819871321329,1.0286710181874983
117ce30e-d774-11ec-9b41-992cfacb18f3,True,0.5035927295684814,0.5035926699638367,0.2727585434913635,0.27275967597961426,0.986197757235326,1.0754414973995463
116c2924-d774-11ec-9b41-992cfacb18f3,True,0.26711970567703247,0.26711970567703247,0.1262933611869812,0.12629342079162598,1.0416880422407844,0.7048395548418278
11a96d02-d774-11ec-9b41-992cfacb18f3,True,0.6235665082931519,0.6235664188861847,0.05337291955947876,0.053373098373413086,1.0067683206998244,0.7162443909930949
1193d294-d774-11ec-9b41-992cfacb18f3,True,0.481065034866333,0.481065034866333,0.22258806228637695,0.22258800268173218,1.1129584268796309,1.6050284795635916
115b7070-d774-11ec-9b41-992cfacb18f3,True,0.4584335684776306,0.47865355014801025,0.73439821600914,0.9164489507675171,1.0306964479851264,0.905590938009494
116908ac-d774-11ec-9b41-992cfacb18f3,True,0.39045602083206177,0.39045602083206177,0.41815829277038574,0.4009268879890442,1.0481541044480451,0.6602658401008364
1177dbf2-d774-11ec-9b41-992cfacb18f3,True,0.45074301958084106,0.4507429599761963,0.5653931200504303,0.6301059424877167,0.9512071382599662,0.6537517554065009
1156e456-d774-11ec-9b41-992cfacb18f3,True,0.35639113187789917,0.3563910722732544,0.7252562344074249,0.7252557873725891,0.974389857838576,0.44428082014575465
11baeea6-d774-11ec-9b41-992cfacb18f3,True,0.465226411819458,0.465226411819458,0.270702064037323,0.27070188522338867,1.050367533285133,0.16192082336659508
1195731a-d774-11ec-9b41-992cfacb18f3,True,0.26540446281433105,0.26540452241897583,0.1787375807762146,0.09221547842025757,0.9673480534627259,0.22268612016199785
1175125a-d774-11ec-9b41-992cfacb18f3,True,0.5474002063274384,0.6075923442840576,0.28866124153137207,0.47376447916030884,1.1027796652834023,1.0771655627281747
117c2ed2-d774-11ec-9b41-992cfacb18f3,True,0.2402021288871765,0.2402021288871765,0.043291449546813965,0.039557039737701416,0.8130574224903544,0.15476724107131323
11ae2d10-d774-11ec-9b41-992cfacb18f3,True,0.3858259916305542,0.38582611083984375,0.33425384759902954,0.33425408601760864,0.8799800855948776,0.6870897932202146
11811a3c-d774-11ec-9b41-992cfacb18f3,True,0.5142842233181,0.5142841935157776,0.049917399883270264,0.049917638301849365,1.0275464207614327,0.4302493643488493
11460398-d774-11ec-9b41-992cfacb18f3,True,0.3746744990348816,0.37467455863952637,0.13353228569030762,0.13353222608566284,0.7563268178182951,0.9264336208946093
11452f40-d774-11ec-9b41-992cfacb18f3,True,0.5937080979347229,0.5937080979347229,0.09100973606109619,0.07691818475723267,0.9591123759643637,1.818351346738132
11a748ba-d774-11ec-9b41-992cfacb18f3,True,0.5147405564785004,0.5147406160831451,0.38761085271835327,0.3876103162765503,0.8655100516390397,0.20865957767486043
1145ba00-d774-11ec-9b41-992cfacb18f3,True,0.4136399030685425,0.4136399030685425,0.15817266702651978,0.1581723690032959,0.876948237583082,0.46374629899991837
1176d9aa-d774-11ec-9b41-992cfacb18f3,True,0.5672741234302521,0.5672741234302521,0.389961838722229,0.4311358332633972,0.9726527428053371,0.9820471364169439
11c10566-d774-11ec-9b41-992cfacb18f3,True,0.5183942019939423,0.5183942019939423,0.2904031276702881,0.29040318727493286,0.7827151193489887,0.1904010652592778
117d1db0-d774-11ec-9b41-992cfacb18f3,True,0.41412901878356934,0.41412901878356934,0.24866914749145508,0.22138386964797974,0.9661061780696405,0.7957165812796995
1182b266-d774-11ec-9b41-992cfacb18f3,True,0.4190813899040222,0.4190813899040222,0.2103288173675537,0.21032774448394775,1.03428439286762,0.47165220887454085
11acff44-d774-11ec-9b41-992cfacb18f3,True,0.39745086431503296,0.40288859605789185,1.1178032830357552,1.2400092035531998,0.7475425277106851,0.1733996821747913
116981a6-d774-11ec-9b41-992cfacb18f3,True,0.4489057660102844,0.44890570640563965,0.5906307101249695,0.6077384054660797,1.132797312220711,0.1812391715641154
114fdc10-d774-11ec-9b41-992cfacb18f3,True,0.4254310131072998,0.42543095350265503,0.6339905560016632,0.6339897215366364,0.8277875408772831,0.6103884859238815
116d6c8a-d774-11ec-9b41-992cfacb18f3,True,0.5023474395275116,0.5023474991321564,0.3146899938583374,0.27930504083633423,0.8622952284118924,0.3773620911900346
116f6800-d774-11ec-9b41-992cfacb18f3,True,0.5034023225307465,0.4528539776802063,1.4539530575275421,1.385614275932312,0.759015080756438,0.39235822611990956
119cfde2-d774-11ec-9b41-992cfacb18f3,True,0.38561534881591797,0.4015154242515564,0.7583652287721634,0.7585687637329102,0.7655123544799509,0.3572928191660093
11c6d432-d774-11ec-9b41-992cfacb18f3,True,0.509677916765213,0.5096779763698578,0.5671915113925934,0.5671915113925934,0.9750502126914494,0.9208873705309312
1196ca8a-d774-11ec-9b41-992cfacb18f3,True,0.5727395713329315,0.5727396011352539,0.898836076259613,0.9467855915427208,0.9778297529278289,0.7484093487068628
11ae916a-d774-11ec-9b41-992cfacb18f3,True,0.4094920754432678,0.4094921350479126,0.40258628129959106,0.3197082281112671,1.0107549601902759,1.7436875268049115
115ad5b6-d774-11ec-9b41-992cfacb18f3,True,0.36750394105911255,0.3675038814544678,0.22040843963623047,0.22040820121765137,0.9690985434560303,0.7483782907335612
115814f2-d774-11ec-9b41-992cfacb18f3,True,0.6605241000652313,0.6605241000652313,0.0474780797958374,0.044505417346954346,0.9802644322800916,1.3794360272898538
1168bdca-d774-11ec-9b41-992cfacb18f3,True,0.3455360531806946,0.34553611278533936,0.12268805503845215,0.12268847227096558,1.0268168831578754,0.5881993633405276
11bd034e-d774-11ec-9b41-992cfacb18f3,True,0.500362366437912,0.5003623068332672,0.38486796617507935,0.23791366815567017,1.1960888820835271,1.4966372747049255
115edef4-d774-11ec-9b41-992cfacb18f3,True,0.49833184480667114,0.49833184480667114,0.15308934450149536,0.1530894637107849,1.042425868928995,1.814446832316579
116f90be-d774-11ec-9b41-992cfacb18f3,True,0.45641452074050903,0.4564145803451538,0.17137062549591064,0.1713705062866211,1.0052433767435645,1.5678009247614118
11c6ac8c-d774-11ec-9b41-992cfacb18f3,True,0.7489109039306641,0.7489109039306641,1.2718752026557922,1.079436868429184,0.8165252198647434,0.9031404666763053
1197a02c-d774-11ec-9b41-992cfacb18f3,True,0.630316823720932,0.6303168833255768,1.0456851236522198,0.7289646565914154,1.0565846515224213,1.4065039624244997
11a767fa-d774-11ec-9b41-992cfacb18f3,True,0.46648818254470825,0.4664883017539978,0.5285145938396454,0.5285145044326782,0.9873539896886855,0.7432540526690692
1192d88a-d774-11ec-9b41-992cfacb18f3,True,0.47409117221832275,0.474091112613678,0.23839056491851807,0.2383900284767151,0.7712991261987816,0.2414921022157963
1193dece-d774-11ec-9b41-992cfacb18f3,True,0.5200238227844238,0.5200238227844238,0.5810130536556244,0.5810129046440125,0.5691655736599743,0.4701975941688924
11719b0c-d774-11ec-9b41-992cfacb18f3,True,0.5848343372344971,0.5848343074321747,0.8587294071912766,0.858728289604187,0.9595102723948148,1.5071455976745693
1178e998-d774-11ec-9b41-992cfacb18f3,True,0.6337131261825562,0.6337131261825562,0.2156916856765747,0.21569174528121948,0.915594026970972,0.7718252493660434
11c60412-d774-11ec-9b41-992cfacb18f3,True,0.337795615196228,0.3377954959869385,0.35821759700775146,0.4082668423652649,1.0644706326097095,1.102086773959782
11ae499e-d774-11ec-9b41-992cfacb18f3,True,0.5166662931442261,0.5166663229465485,0.41738003492355347,0.41737979650497437,1.0543333444741672,0.8157731346739234
114b7be8-d774-11ec-9b41-992cfacb18f3,True,0.4706763029098511,0.47067636251449585,0.49958527088165283,0.4995861053466797,1.0488243869010572,1.111000965724365
11ce572a-d774-11ec-9b41-992cfacb18f3,True,0.5147629380226135,0.5147629380226135,0.18429350852966309,0.13810807466506958,0.8954434103998496,1.106215814191834
11521520-d774-11ec-9b41-992cfacb18f3,True,0.46259862184524536,0.46259868144989014,0.07235413789749146,0.07235413789749146,0.7582047315023026,1.0162713079293573
11c4ad10-d774-11ec-9b41-992cfacb18f3,True,0.5742588639259338,0.5742588341236115,0.1594662070274353,0.15946626663208008,0.9453251321260274,0.8453945280118287
1167d82e-d774-11ec-9b41-992cfacb18f3,True,0.48347628116607666,0.5095608532428741,0.6306769251823425,0.6576489210128784,1.3047757665505741,1.5079865663365841
114ec384-d774-11ec-9b41-992cfacb18f3,True,0.47580164670944214,0.4758017063140869,0.4624580144882202,0.46245723962783813,0.6858283849841214,0.3134619146517703
11988d66-d774-11ec-9b41-992cfacb18f3,True,0.5297421514987946,0.5297422111034393,0.7960057705640793,0.7960053533315659,1.0401600633962818,1.466261121669031
11572a1a-d774-11ec-9b41-992cfacb18f3,True,0.4668738842010498,0.4668738842010498,0.16159707307815552,0.16159725189208984,0.9240896911196496,0.3409660585583827
11780c1c-d774-11ec-9b41-992cfacb18f3,True,0.3846558928489685,0.3846558928489685,0.31884825229644775,0.31069672107696533,1.031475685127923,0.4053630572083168
11a2a814-d774-11ec-9b41-992cfacb18f3,True,0.5047605931758881,0.5047605633735657,0.6864862740039825,0.6864865720272064,1.1155777307681969,1.0849046591329266
117a824e-d774-11ec-9b41-992cfacb18f3,True,0.4532713294029236,0.45327138900756836,1.1737773269414902,1.233786478638649,0.9506875642524449,1.1709338892190753
118d56f8-d774-11ec-9b41-992cfacb18f3,True,0.5433183312416077,0.5433182120323181,0.44948381185531616,0.4494835138320923,1.0813880220488932,0.7962026841658094
114f59ac-d774-11ec-9b41-992cfacb18f3,True,0.3763000965118408,0.3763000965118408,0.15202277898788452,0.15202254056930542,0.8827309074271044,0.9951488159725967
114f9368-d774-11ec-9b41-992cfacb18f3,True,0.5637952983379364,0.5637952983379364,0.6539040505886078,0.50706946849823,0.8343634340289323,0.5334248550020809
11c206c8-d774-11ec-9b41-992cfacb18f3,True,0.4990079998970032,0.4990079998970032,0.06377023458480835,0.06377029418945312,0.7118906936289235,0.20292594596819347
11921a4e-d774-11ec-9b41-992cfacb18f3,True,0.4241897463798523,0.42418980598449707,0.23790520429611206,0.23629039525985718,0.9446478357428251,1.1803948083561089
11722ab8-d774-11ec-9b41-992cfacb18f3,True,0.4769284725189209,0.4769284725189209,0.17168909311294556,0.17168909311294556,0.9826177226443824,0.6024270869896948
11576cfa-d774-11ec-9b41-992cfacb18f3,True,0.6949219405651093,0.6949219405651093,0.8332657665014267,0.8332663923501968,1.00288090376792,1.6216628795776131
119105aa-d774-11ec-9b41-992cfacb18f3,True,0.5292924344539642,0.5292924642562866,1.0592480562627316,1.054111558943987,1.0151585549164588,1.1079310353866023
116a906e-d774-11ec-9b41-992cfacb18f3,True,0.407192587852478,0.407192587852478,0.5358991920948029,0.5625934302806854,1.0259784440551651,0.47426240431544164
115f0302-d774-11ec-9b41-992cfacb18f3,True,0.48165595531463623,0.4816560745239258,0.5198010504245758,0.5198014676570892,0.9414411540532509,1.145749918968355
116d6f3c-d774-11ec-9b41-992cfacb18f3,True,0.6599601805210114,0.6599602401256561,0.8359382599592209,0.6062168776988983,0.8544866264531461,0.7183541677567364
1152f878-d774-11ec-9b41-992cfacb18f3,True,0.5719343721866608,0.5719342827796936,0.43507570028305054,0.43507587909698486,1.1191095645835454,1.4833249606649643
115d7c6c-d774-11ec-9b41-992cfacb18f3,True,0.6193271577358246,0.6193271577358246,0.7373627424240112,0.700534999370575,1.0730870188556185,1.0056701124115761
116857cc-d774-11ec-9b41-992cfacb18f3,True,0.5522486567497253,0.552248626947403,0.5357018411159515,0.5101644098758698,0.9506741516099972,0.473400580211221
11ae1460-d774-11ec-9b41-992cfacb18f3,True,0.5368062257766724,0.5368062853813171,0.051180899143218994,0.047038733959198,1.0885201758639325,1.2099220245465112
1157a49a-d774-11ec-9b41-992cfacb18f3,True,0.5501924455165863,0.5501924157142639,0.19152969121932983,0.19152945280075073,1.0966173162524657,1.7596094430882099
1196d6b0-d774-11ec-9b41-992cfacb18f3,True,0.6260021030902863,0.6260020732879639,0.2905045747756958,0.29050499200820923,0.9945872003458188,0.902451245654494
119f4890-d774-11ec-9b41-992cfacb18f3,True,0.41661614179611206,0.41661614179611206,0.14529931545257568,0.14529913663864136,0.4723338514248182,0.2918565139997449
119d13d6-d774-11ec-9b41-992cfacb18f3,True,0.35255539417266846,0.3525553345680237,0.17717254161834717,0.24583256244659424,1.0500177236480028,1.3961976171194774
11558476-d774-11ec-9b41-992cfacb18f3,True,0.4888884425163269,0.4888885021209717,0.4394693970680237,0.43946927785873413,0.9799312315716053,0.8285619209193571
115b769c-d774-11ec-9b41-992cfacb18f3,True,0.4013329744338989,0.4013329744338989,0.3066341280937195,0.30663400888442993,0.9368276516455274,1.5853989969785478
1175e900-d774-11ec-9b41-992cfacb18f3,True,0.5474837720394135,0.5474837720394135,1.1377951204776764,1.137794479727745,0.9294752336616131,1.3697939101321301
11a57cc4-d774-11ec-9b41-992cfacb18f3,True,0.580068975687027,0.5548587441444397,0.2773430347442627,0.20234280824661255,1.1234856521086325,0.7117383283347518
1161a49a-d774-11ec-9b41-992cfacb18f3,True,0.7161855399608612,0.7161855697631836,0.7391999959945679,0.7392007112503052,1.0072122683405642,0.5257412626607247
1196f33e-d774-11ec-9b41-992cfacb18f3,True,0.43309128284454346,0.4330912232398987,1.2071014642715454,1.2130711674690247,1.0568779344645192,0.7147307905597862
117fd460-d774-11ec-9b41-992cfacb18f3,True,0.4402623176574707,0.4402623772621155,0.48140233755111694,0.4266301989555359,1.0131321688597685,1.666233711745492
11510f68-d774-11ec-9b41-992cfacb18f3,True,0.5879358053207397,0.5879358947277069,1.2381864935159683,1.2381867319345474,1.0755933875122048,1.6459167703053605
11815b6e-d774-11ec-9b41-992cfacb18f3,True,0.44122862815856934,0.4412286877632141,0.2586820125579834,0.21904581785202026,1.0562493433033473,1.4711829876848452
11c852bc-d774-11ec-9b41-992cfacb18f3,True,0.37595677375793457,0.37595677375793457,0.19641101360321045,0.17892545461654663,0.9533290075690207,0.976023451687842
115e8b5c-d774-11ec-9b41-992cfacb18f3,True,0.6442730724811554,0.6442730724811554,0.25652915239334106,0.2565279006958008,1.059828605386126,0.6189160795404519
11779c1e-d774-11ec-9b41-992cfacb18f3,True,0.4448726773262024,0.4448726773262024,0.6932057738304138,0.6932059228420258,0.8907150274738032,0.4104575021900335
118efeb8-d774-11ec-9b41-992cfacb18f3,True,0.4615403413772583,0.4615403413772583,0.4335031509399414,0.4335036873817444,0.7733947079355532,0.5104232991431608
11548d6e-d774-11ec-9b41-992cfacb18f3,True,0.4444969892501831,0.44449692964553833,0.20382457971572876,0.20382457971572876,0.8199768436489543,0.1707916619019223
11a23820-d774-11ec-9b41-992cfacb18f3,True,0.5671619176864624,0.56716188788414,0.09645199775695801,0.09645199775695801,0.8266380549036314,1.4968665274391502
116ee39e-d774-11ec-9b41-992cfacb18f3,True,0.3871263265609741,0.3871263265609741,0.23413288593292236,0.2341325283050537,0.9637866793232821,0.536598864734947
119114dc-d774-11ec-9b41-992cfacb18f3,True,0.527694046497345,0.527694046497345,0.14178264141082764,0.18667888641357422,0.9894103265356301,0.7459210776136747
11710d40-d774-11ec-9b41-992cfacb18f3,True,0.4262537956237793,0.42625391483306885,0.17879712581634521,0.17879706621170044,1.061123469279585,1.3443030848408914
115e8b02-d774-11ec-9b41-992cfacb18f3,True,0.6293751895427704,0.6293751001358032,0.9522660374641418,0.5754112005233765,1.0004436205596776,1.7868025928665574
114e604c-d774-11ec-9b41-992cfacb18f3,True,0.6938601434230804,0.6938600838184357,0.5833667516708374,0.5833654701709747,0.9254257569207732,0.8977722788363249
1176f99e-d774-11ec-9b41-992cfacb18f3,True,0.22683614492416382,0.24521583318710327,0.2877923846244812,0.023264706134796143,0.705924917088568,0.31863673512522006
11470dba-d774-11ec-9b41-992cfacb18f3,True,0.3483852744102478,0.3483853340148926,0.26954084634780884,0.23837560415267944,0.8415519887588925,0.12623983757742563
11beb054-d774-11ec-9b41-992cfacb18f3,True,0.6166722476482391,0.6166722178459167,0.649163544178009,0.6491619646549225,0.9776494104076388,0.33987117799447164
11793ee8-d774-11ec-9b41-992cfacb18f3,True,0.5258553922176361,0.5258553922176361,0.3407755494117737,0.3407750725746155,1.055195497893684,1.6724669299408381
1170dc1c-d774-11ec-9b41-992cfacb18f3,True,0.32167714834213257,0.321677029132843,0.8654128015041351,0.8746184408664703,0.8342450776481163,0.7828752714082198
11757736-d774-11ec-9b41-992cfacb18f3,True,0.5522141456604004,0.5522141754627228,0.955430418252945,0.8630671203136444,1.115964608640166,1.1336982212785438
11700d82-d774-11ec-9b41-992cfacb18f3,True,0.5886967182159424,0.5886967778205872,0.6851982176303864,0.6402880549430847,1.1209316024752578,0.8296411089391147
11521372-d774-11ec-9b41-992cfacb18f3,True,0.41956108808517456,0.419560968875885,0.06929099559783936,0.06929093599319458,0.9885283740860917,0.6476066030728332
11c1528c-d774-11ec-9b41-992cfacb18f3,True,0.3361596465110779,0.3361596465110779,0.36679065227508545,0.3435763716697693,0.9295465403269715,0.07614276649516183
11823cb4-d774-11ec-9b41-992cfacb18f3,True,0.3841836452484131,0.3841836452484131,0.7984291315078735,0.7984295040369034,0.9043065167401588,0.6907983878006156
119e9d96-d774-11ec-9b41-992cfacb18f3,True,0.6910204291343689,0.6910203993320465,0.6304635107517242,0.5599094033241272,0.6376406322032591,1.3054776506860164
116e2760-d774-11ec-9b41-992cfacb18f3,True,0.4899935722351074,0.48999351263046265,0.07090204954147339,0.07090181112289429,1.0054862773455786,0.09561830285392692
116cb2cc-d774-11ec-9b41-992cfacb18f3,True,0.6540095210075378,0.6540095806121826,1.1194659173488617,1.1194653883576393,0.9933562818630596,1.274615484794915
11452c20-d774-11ec-9b41-992cfacb18f3,False,0.5884158909320831,0.5884159803390503,0.03738892078399658,0.041477978229522705,0.9739642971623786,1.115928887281654
1198c754-d774-11ec-9b41-992cfacb18f3,False,0.57901731133461,0.5790173709392548,0.2450622320175171,0.2657204866409302,0.9925077266384668,0.7298574183229951
11a44f3e-d774-11ec-9b41-992cfacb18f3,False,0.7711898982524872,0.77118980884552,1.3464365303516388,1.3196830451488495,0.8944149369510164,0.6842923250070863
1174d70e-d774-11ec-9b41-992cfacb18f3,False,0.6845097243785858,0.6845097541809082,0.8128753900527954,0.51430943608284,0.8491012412043653,1.0516657638213067
1192840c-d774-11ec-9b41-992cfacb18f3,False,0.6919576823711395,0.6919577121734619,0.6759531795978546,0.4726443290710449,0.9928321376851291,0.36275006554420797
11bef492-d774-11ec-9b41-992cfacb18f3,False,0.7395495474338531,0.7395495772361755,1.03163168951869,1.0316317193210125,0.9254004939203618,1.4557027240917142
1160525c-d774-11ec-9b41-992cfacb18f3,False,0.7379312515258789,0.7379311919212341,1.1278428882360458,1.2417190819978714,0.9993873158125989,1.4172516512878257
115c7eb6-d774-11ec-9b41-992cfacb18f3,False,0.6277452111244202,0.6277452409267426,1.4022011160850525,1.4022009074687958,1.084212396525272,0.5909623112876754
11be4c2c-d774-11ec-9b41-992cfacb18f3,False,0.634818971157074,0.6348190307617188,0.9488934613764286,1.0088135031983256,0.9747363219132295,1.2720069742970013
114e2c30-d774-11ec-9b41-992cfacb18f3,False,0.679410845041275,0.6794108152389526,0.5081949234008789,0.453447163105011,1.010932461595155,0.6577683778859422
116dc69e-d774-11ec-9b41-992cfacb18f3,False,0.6563698053359985,0.6563698351383209,0.8669490665197372,0.474141001701355,1.018048201041552,0.5502461649860158
11a84102-d774-11ec-9b41-992cfacb18f3,False,0.5136325359344482,0.5136325359344482,0.6897998452186584,0.6958978474140167,0.9313970211444608,0.4126169595523601
1178e556-d774-11ec-9b41-992cfacb18f3,False,0.6542649865150452,0.6542649567127228,0.9722259975969791,0.9722251258790493,0.775374835457472,1.221559882148253
11a1ccb4-d774-11ec-9b41-992cfacb18f3,False,0.4276280403137207,0.4276280999183655,1.5890002846717834,1.566544532775879,0.9668750204229598,0.47669207125832247
1169affa-d774-11ec-9b41-992cfacb18f3,False,0.5642136037349701,0.5642135739326477,0.9346040487289429,0.9346033036708832,0.9823298276372909,1.134069678032805
1177ed7c-d774-11ec-9b41-992cfacb18f3,False,0.524345189332962,0.5243452489376068,0.644783079624176,0.700327068567276,0.9160320197030367,0.28105075587337514
116fcbc4-d774-11ec-9b41-992cfacb18f3,False,0.6046403646469116,0.604640394449234,0.3615639805793762,0.36156386137008667,1.0211551114113604,0.6189319502935824
11a655ea-d774-11ec-9b41-992cfacb18f3,False,0.6471491158008575,0.6471491456031799,0.27704256772994995,0.2770426273345947,0.8620653818909212,1.360657994834377
1157c1d2-d774-11ec-9b41-992cfacb18f3,False,0.6420772671699524,0.6420773267745972,0.6054969131946564,0.6054971814155579,1.1228610586615237,1.4372356628744114
115c0c7e-d774-11ec-9b41-992cfacb18f3,False,0.5877609848976135,0.5877609550952911,0.9154306501150131,0.9154313802719116,1.0628361783898337,1.2882721880297296
11789a06-d774-11ec-9b41-992cfacb18f3,False,0.6157875657081604,0.6157876253128052,0.16437983512878418,0.11880916357040405,0.9801497948689761,1.242461901124508
117544a0-d774-11ec-9b41-992cfacb18f3,False,0.4902549982070923,0.4902549386024475,1.045429766178131,1.0454303175210953,1.0007285061548479,0.6320910201513378
1146d7b4-d774-11ec-9b41-992cfacb18f3,False,0.5177133679389954,0.5177133679389954,1.532855212688446,1.4113962948322296,1.0686547991539346,1.374924072784394
11c15610-d774-11ec-9b41-992cfacb18f3,False,0.4879617691040039,0.4879617691040039,1.3304868340492249,1.297627180814743,1.0063333374275956,1.453116443107371
114c4a46-d774-11ec-9b41-992cfacb18f3,False,0.5316007137298584,0.531600683927536,0.9591054916381836,1.0718606784939766,1.0375887230205556,0.598932430152219
117fa22e-d774-11ec-9b41-992cfacb18f3,False,0.4371678829193115,0.4371679425239563,0.7786142379045486,0.4420492649078369,1.0236575890758355,1.0323732344122203
1179a0ae-d774-11ec-9b41-992cfacb18f3,False,0.4450981020927429,0.44509804248809814,0.46469855308532715,0.4646984338760376,1.0196118100883973,1.434207111948515
11c0d6fe-d774-11ec-9b41-992cfacb18f3,False,0.5433016121387482,0.5433015525341034,0.7010500431060791,0.7010498046875,1.031187101469819,0.8328076950688218
119911f0-d774-11ec-9b41-992cfacb18f3,False,0.5685777366161346,0.568577766418457,1.4463929235935211,1.4463930130004883,1.0674596272065016,0.7231419002509873
1198e144-d774-11ec-9b41-992cfacb18f3,False,0.6868700087070465,0.6868700683116913,1.073817454278469,1.077628806233406,0.9056945060476392,0.8758607772409155
115d0fb6-d774-11ec-9b41-992cfacb18f3,False,0.7781668156385422,0.7781668156385422,0.6746005713939667,0.5241880416870117,1.0918733779068166,0.6801100069357429
11be4704-d774-11ec-9b41-992cfacb18f3,False,0.48155468702316284,0.4815547466278076,0.3690009117126465,0.369001567363739,0.8991835303193283,1.2084012153341954
11c1750a-d774-11ec-9b41-992cfacb18f3,False,0.641091912984848,0.6410919725894928,0.4788272976875305,0.4532572031021118,1.122343740340614,1.3664468233785116
118e7344-d774-11ec-9b41-992cfacb18f3,False,0.5639455020427704,0.5639455020427704,1.003054954111576,1.0030549715738744,0.815955575654617,1.1012757027196531
11bda2b8-d774-11ec-9b41-992cfacb18f3,False,0.5130631625652313,0.5130631029605865,0.5499458014965057,0.5359604954719543,0.9376666708309231,0.7998338380889781
11a119f4-d774-11ec-9b41-992cfacb18f3,False,0.5428350567817688,0.5428350865840912,0.571364015340805,0.399408757686615,1.080651194448937,1.4490518296726385
115b1a80-d774-11ec-9b41-992cfacb18f3,False,0.627988874912262,0.6495295166969299,0.4151340126991272,0.38951176404953003,1.2471467540107783,1.440161116141797
11bbf6ac-d774-11ec-9b41-992cfacb18f3,False,0.6749737858772278,0.6749737858772278,0.7668120414018631,0.6939263045787811,0.9935390428283987,1.571668531209665
118ff282-d774-11ec-9b41-992cfacb18f3,False,0.45781195163726807,0.4578118920326233,0.4578692317008972,0.4578685760498047,0.9182912823825232,0.37541601097133415
1151f7de-d774-11ec-9b41-992cfacb18f3,False,0.6087116003036499,0.6087116003036499,0.8968091830611229,0.8968087211251259,1.0437340214346904,0.29532250498655
11982dbc-d774-11ec-9b41-992cfacb18f3,False,0.5971834361553192,0.5971834361553192,0.9428307376801968,0.9428307302296162,0.9265363419046031,0.4114276601232455
11a009e2-d774-11ec-9b41-992cfacb18f3,False,0.7069465219974518,0.7069465517997742,0.45681482553482056,0.4568150043487549,1.011963964838377,0.4346292685238694
11a8933c-d774-11ec-9b41-992cfacb18f3,False,0.4649243950843811,0.4649243950843811,0.5686258971691132,0.5686255395412445,0.9501723734381429,1.7147156149042568
11bb194e-d774-11ec-9b41-992cfacb18f3,False,0.7624709010124207,0.7624708712100983,1.2958601713180542,1.2958604097366333,0.9591730016598097,0.5647208030131592
118f334c-d774-11ec-9b41-992cfacb18f3,False,0.5209216773509979,0.5209217667579651,0.8015325516462326,0.7705286890268326,1.0642223379780122,0.9740760267837708
115c5620-d774-11ec-9b41-992cfacb18f3,False,0.600501149892807,0.6005011200904846,1.5205143690109253,1.4921958148479462,1.140087338984007,1.3373484843952252
1145b2da-d774-11ec-9b41-992cfacb18f3,False,0.6529417634010315,0.6529416739940643,1.151103213429451,1.147900477051735,0.9501886622117581,0.607275092104768
117a2f2e-d774-11ec-9b41-992cfacb18f3,False,0.50204798579216,0.50204798579216,0.5146279335021973,0.5146277546882629,1.0530021502635014,0.5759635016738028
11bfd588-d774-11ec-9b41-992cfacb18f3,False,0.5931535363197327,0.5931535065174103,1.0464188940823078,1.1276523023843765,0.9696738857765249,1.0314877176371782
119c649a-d774-11ec-9b41-992cfacb18f3,False,0.4582241177558899,0.4582241177558899,0.6375993490219116,0.6108092367649078,1.084587175849607,1.0609429198324392
115f53ac-d774-11ec-9b41-992cfacb18f3,False,0.6684033870697021,0.6684033870697021,0.704610288143158,0.45775556564331055,0.9690969123521098,0.42409219050136227
119c5928-d774-11ec-9b41-992cfacb18f3,False,0.48560166358947754,0.4856017231941223,0.39025282859802246,0.39025288820266724,0.945168882899945,1.0596339887921125
1170acd8-d774-11ec-9b41-992cfacb18f3,False,0.7479033172130585,0.7479033470153809,0.9510338939726353,0.46192097663879395,1.0726907438522566,1.3571198651831584
11c64a76-d774-11ec-9b41-992cfacb18f3,False,0.5508041083812714,0.5508041381835938,0.5270392596721649,0.527038961648941,0.9834458370303352,1.0050083504351888
1196a7ee-d774-11ec-9b41-992cfacb18f3,False,0.5053910911083221,0.5053911805152893,1.3861728012561798,1.3810099363327026,1.0456560088403328,1.2495556040345808
1167ecec-d774-11ec-9b41-992cfacb18f3,False,0.7903528660535812,0.7903528660535812,1.3158555030822754,1.3158558011054993,1.0397424234668726,1.3671589028859958
11702cae-d774-11ec-9b41-992cfacb18f3,False,0.4671580195426941,0.46715813875198364,0.9529859125614166,0.9529859237372875,0.9906289983488016,0.5622997896593165
11a2bdfe-d774-11ec-9b41-992cfacb18f3,False,0.6301424503326416,0.6301424205303192,1.0032175129745156,1.0067865941673517,0.9485295876312783,1.3383263958122267
117554a4-d774-11ec-9b41-992cfacb18f3,False,0.8252678662538528,0.8252677917480469,0.8579890578985214,0.8385116010904312,0.9607435476047005,1.6741701956074073
11709770-d774-11ec-9b41-992cfacb18f3,False,0.496035635471344,0.49943065643310547,0.17002564668655396,0.1817125678062439,1.0425904087333293,1.269640952803793
119ed3a6-d774-11ec-9b41-992cfacb18f3,False,0.44179797172546387,0.44179797172546387,0.43261247873306274,0.45244717597961426,0.8567825374147368,0.7416542141492515
115bfa40-d774-11ec-9b41-992cfacb18f3,False,0.6658177077770233,0.6658176779747009,0.45079994201660156,0.5118970572948456,1.024324741757528,1.1307046945134243
1155ae42-d774-11ec-9b41-992cfacb18f3,False,0.7042590975761414,0.7042591273784637,0.40615910291671753,0.4061594605445862,1.0622710452965787,0.9282158705555267
115680d8-d774-11ec-9b41-992cfacb18f3,False,0.5172339677810669,0.5172339081764221,1.0174271017313004,1.3483438193798065,1.1228682373251408,0.6819919837915618
115fc79c-d774-11ec-9b41-992cfacb18f3,False,0.43092113733291626,0.43092113733291626,0.7426963448524475,0.6754068732261658,0.8768435328860429,0.5377790713829425
116fa040-d774-11ec-9b41-992cfacb18f3,False,0.6786642670631409,0.6786642074584961,1.4063745141029358,1.4063737094402313,1.0248000466810017,1.174684908217818
1191ba36-d774-11ec-9b41-992cfacb18f3,False,0.7095113098621368,0.7095112800598145,0.6829030811786652,0.6422727108001709,0.9741687312406491,0.49654532031226817
1197cd5e-d774-11ec-9b41-992cfacb18f3,False,0.7481507360935211,0.7481507658958435,0.692955881357193,0.41129082441329956,0.8841764974206784,1.0814265279639996
11a8007a-d774-11ec-9b41-992cfacb18f3,False,0.6298803687095642,0.629880279302597,0.8246761411428452,0.6419694721698761,1.0527589984347987,1.0130094674087644
11aa3624-d774-11ec-9b41-992cfacb18f3,False,0.7852380275726318,0.7852381765842438,1.3482084572315216,1.3482086658477783,1.1434595453854077,0.6968498151474312
11c45c16-d774-11ec-9b41-992cfacb18f3,False,0.652391105890274,0.6523911654949188,1.2767057418823242,1.258107215166092,1.0132710716197217,1.7106904699119019
115cb840-d774-11ec-9b41-992cfacb18f3,False,0.7067488431930542,0.7067488431930542,1.3120723068714142,1.1907514184713364,1.0255316335042355,0.8432034326250453
11a05e88-d774-11ec-9b41-992cfacb18f3,False,0.5552337467670441,0.5552337169647217,0.8626880049705505,0.9420914798974991,1.050683036855998,0.8200626585189255
1152711e-d774-11ec-9b41-992cfacb18f3,False,0.6162630021572113,0.6162630915641785,0.9460934028029442,0.8744253367185593,1.0766054817701307,1.3002017097827459
114640ce-d774-11ec-9b41-992cfacb18f3,False,0.6509079933166504,0.6509080529212952,0.8420799970626831,0.8069595545530319,1.0552069612650803,0.6892811252974917
117b9012-d774-11ec-9b41-992cfacb18f3,False,0.7642791271209717,0.7642790675163269,0.9327125623822212,0.9851057352498174,0.9577350296585888,0.1990090381384506
1169622a-d774-11ec-9b41-992cfacb18f3,False,0.5890002846717834,0.5890001952648163,0.22569137811660767,0.22569096088409424,1.0955823103147264,0.3657391267275536
118e669c-d774-11ec-9b41-992cfacb18f3,False,0.5477739870548248,0.5477739870548248,0.601951003074646,0.5667253136634827,0.974840119122404,0.6726547667586092
119fbe10-d774-11ec-9b41-992cfacb18f3,False,0.5762943029403687,0.5762944221496582,0.47000187635421753,0.4700019359588623,0.9203762405416747,0.9327006309589074
1152d2ee-d774-11ec-9b41-992cfacb18f3,False,0.5795979201793671,0.5795979797840118,0.5186587572097778,1.0734861344099045,1.1545054240616461,0.9670909465789612
114bb900-d774-11ec-9b41-992cfacb18f3,False,0.7491694092750549,0.7491694092750549,0.6025488972663879,0.6025489866733551,1.0116640749008858,1.3038147772230269
117e6f62-d774-11ec-9b41-992cfacb18f3,False,0.654479593038559,0.654479593038559,0.5740296244621277,0.5740294754505157,0.977078321651278,0.6854065151277989
11755dbe-d774-11ec-9b41-992cfacb18f3,False,0.6064273118972778,0.6064272820949554,1.076240673661232,1.076241709291935,1.0283854437352962,1.1685384595735262
1175e5a4-d774-11ec-9b41-992cfacb18f3,False,0.46932440996170044,0.4693244695663452,0.4482003450393677,0.42705023288726807,1.015794983731005,0.6079455523070509
11688404-d774-11ec-9b41-992cfacb18f3,False,0.5948762893676758,0.5948762893676758,0.9473205208778381,0.7161950170993805,0.8747017838634109,0.33537882636812866
11a4d382-d774-11ec-9b41-992cfacb18f3,False,0.5874764025211334,0.5874763131141663,1.141502484679222,1.124310202896595,1.1065574785038619,0.6124199725078664
11911c84-d774-11ec-9b41-992cfacb18f3,False,0.6318169832229614,0.631816953420639,1.110849067568779,1.1294946819543839,1.1971335444732945,0.920953592829015
1176c29e-d774-11ec-9b41-992cfacb18f3,False,0.4575377106666565,0.4985644221305847,0.629100114107132,0.701924204826355,1.2235175329989219,1.4572874094049912
11c55436-d774-11ec-9b41-992cfacb18f3,False,0.5832239389419556,0.5832238793373108,0.7534874230623245,0.753487229347229,1.0296587562726387,0.42530108155511404
11621fb0-d774-11ec-9b41-992cfacb18f3,False,0.6807006299495697,0.6807006001472473,0.867366835474968,0.8673671036958694,0.977522510818422,0.959299319913976
116a7066-d774-11ec-9b41-992cfacb18f3,False,0.6951823830604553,0.6951824426651001,0.8364584296941757,0.8364590108394623,1.0425836928762184,0.22483832919353308
11cb9152-d774-11ec-9b41-992cfacb18f3,False,0.6234689652919769,0.6234690546989441,0.6586695313453674,0.6586699783802032,0.8599766768459511,0.3590136343046437
11a1d16e-d774-11ec-9b41-992cfacb18f3,False,0.6497782170772552,0.6497782170772552,0.1049954891204834,0.15655732154846191,1.167439953335683,1.4194776413425314
11510b76-d774-11ec-9b41-992cfacb18f3,False,0.7147383093833923,0.7147383093833923,0.5864376425743103,0.6365614533424377,0.8480551169692624,0.7656882202990041
11827ac6-d774-11ec-9b41-992cfacb18f3,False,0.6876816153526306,0.6876817047595978,0.36859720945358276,0.3685969114303589,1.0514580723770521,0.7767969752596975
1146b9be-d774-11ec-9b41-992cfacb18f3,False,0.49378544092178345,0.4937855005264282,0.1901867389678955,0.1901869773864746,0.9058102512773318,0.5977410844280748
114ed752-d774-11ec-9b41-992cfacb18f3,False,0.43372267484664917,0.4449560046195984,1.3400562703609467,1.4021987617015839,0.873287442324976,0.5225608900755307
11561670-d774-11ec-9b41-992cfacb18f3,False,0.5191500186920166,0.5191500186920166,0.584505170583725,0.5299327969551086,0.895080229951611,0.29912412063264304
11c702ea-d774-11ec-9b41-992cfacb18f3,False,0.40996843576431274,0.40996837615966797,0.42345839738845825,0.531575471162796,0.9339724851630655,0.8412878312900698
1174d93e-d774-11ec-9b41-992cfacb18f3,False,0.6461640000343323,0.6461640298366547,1.293678641319275,1.2385465651750565,1.0208427996033131,0.8208415557940086
11a78d0c-d774-11ec-9b41-992cfacb18f3,False,0.5201840698719025,0.520184189081192,0.24120962619781494,0.2411823868751526,0.7826978689297968,0.21749639311486313
11747016-d774-11ec-9b41-992cfacb18f3,False,0.7025392949581146,0.7025393545627594,1.1906864494085312,1.1906860172748566,0.8377955786741915,1.0944996570104681
11a373b6-d774-11ec-9b41-992cfacb18f3,False,0.5344768464565277,0.5344768464565277,0.24115729331970215,0.24525350332260132,1.0496202175392289,1.7250791397192136
11aebece-d774-11ec-9b41-992cfacb18f3,False,0.5053606629371643,0.5053606331348419,0.4694709777832031,0.4694712162017822,0.9715754840088713,1.3192753575508955
11bac7b4-d774-11ec-9b41-992cfacb18f3,False,0.5630340874195099,0.5630340874195099,0.5943190455436707,0.5943187475204468,0.9556239763425739,1.414296598872473
11687aae-d774-11ec-9b41-992cfacb18f3,False,0.6141464114189148,0.6141464114189148,0.47763848304748535,0.47763872146606445,0.9742488966536369,0.9013148929647269
119f237e-d774-11ec-9b41-992cfacb18f3,False,0.5526114404201508,0.5526114404201508,0.49359792470932007,0.49359822273254395,0.8583148716389372,0.8579037654615589
119140d8-d774-11ec-9b41-992cfacb18f3,False,0.6163329184055328,0.6163329482078552,1.3126222491264343,1.3461727499961853,0.9094450213858183,0.4488853045437563
1150efa6-d774-11ec-9b41-992cfacb18f3,False,0.7043205201625824,0.7043205201625824,0.3821617364883423,0.44332730770111084,1.12460826099691,1.1549914184840993
116195d6-d774-11ec-9b41-992cfacb18f3,False,0.8148269951343536,0.814827024936676,0.8706558793783188,0.9090621471405029,0.9316584663602852,0.7657474161168453
1181cd42-d774-11ec-9b41-992cfacb18f3,False,0.7807604819536209,0.7807604968547821,0.2943260073661804,0.16110026836395264,1.024389753397365,1.0817035461926627
114c1f6c-d774-11ec-9b41-992cfacb18f3,False,0.6891089975833893,0.6891089677810669,0.2477409839630127,0.17146927118301392,0.914305680894347,0.7285172270370563
11ac02ec-d774-11ec-9b41-992cfacb18f3,False,0.2823343873023987,0.22230148315429688,0.06866723299026489,0.046068012714385986,0.7296320385787042,0.03550350653175549
1193259c-d774-11ec-9b41-992cfacb18f3,False,0.7139963507652283,0.7139963209629059,1.2096721827983856,1.3903981149196625,0.83360578232647,1.0849865181658078
116aed20-d774-11ec-9b41-992cfacb18f3,False,0.7095634043216705,0.7095634341239929,0.8095875829458237,0.5085184574127197,0.9565463547663515,1.1440662974786457
118be7b4-d774-11ec-9b41-992cfacb18f3,False,0.6650019884109497,0.6650020182132721,0.6590952277183533,0.6590953767299652,1.0434649579463895,1.0457347671984674
11602ef8-d774-11ec-9b41-992cfacb18f3,False,0.5009176731109619,0.5009175837039948,0.2501615285873413,0.15290367603302002,1.0752251349963693,0.8936399551087028
117a03b4-d774-11ec-9b41-992cfacb18f3,False,0.6334109604358673,0.6334109306335449,0.06674236059188843,0.04561418294906616,1.0161064002207179,1.2091490276927686
114bc2d8-d774-11ec-9b41-992cfacb18f3,False,0.5991882681846619,0.5991882979869843,1.4755450189113617,1.4626649022102356,1.0702944153168032,0.724641876526318
11543f12-d774-11ec-9b41-992cfacb18f3,False,0.6073532104492188,0.6073532104492188,1.4359930455684662,1.435993105173111,0.9411087248552387,0.6004560549073517
1180efda-d774-11ec-9b41-992cfacb18f3,False,0.3667151927947998,0.3667152523994446,1.2046908736228943,1.234703168272972,0.796468112642468,1.3462909371294973
118dc0f2-d774-11ec-9b41-992cfacb18f3,False,0.6042701601982117,0.6042701303958893,0.6265933811664581,0.7956913113594055,1.1405385729273636,1.7127123564508318
11abcd86-d774-11ec-9b41-992cfacb18f3,False,0.6935556828975677,0.6935557126998901,1.5448045134544373,1.5556833744049072,1.108318502406412,0.8835399557813108
1192ad42-d774-11ec-9b41-992cfacb18f3,False,0.5494607388973236,0.5494607388973236,0.8354228734970093,0.8033204525709152,1.1029180842438686,0.5841448733438366
11be4a1a-d774-11ec-9b41-992cfacb18f3,False,0.6442853510379791,0.6442852914333344,0.2154589295387268,0.2154589295387268,0.7708055567998708,0.34500097520142803
1174c1b0-d774-11ec-9b41-992cfacb18f3,False,0.6785211861133575,0.6785211265087128,1.4462307691574097,1.446231096982956,0.8363500799717419,1.3675670209845756
11aa4a6a-d774-11ec-9b41-992cfacb18f3,False,0.6841485798358917,0.6841486394405365,0.6344748139381409,0.47948986291885376,0.8731448080110568,1.0853018201696483
118cb202-d774-11ec-9b41-992cfacb18f3,False,0.8252795487642288,0.8252795338630676,1.2680014669895172,1.4935715794563293,1.0630181499876106,1.141497520590919
11990980-d774-11ec-9b41-992cfacb18f3,False,0.7391626536846161,0.7391626238822937,1.3676753342151642,1.3676761090755463,0.8458448677803432,0.5464233708593138
11ab9a82-d774-11ec-9b41-992cfacb18f3,False,0.4683494567871094,0.4683493375778198,0.6701350808143616,0.6382179856300354,0.9531477781612607,0.8787476933145645
117f6ec6-d774-11ec-9b41-992cfacb18f3,False,0.5617745816707611,0.5617745518684387,0.43371254205703735,0.26061201095581055,1.037342337258935,0.6150970435456156
11a0d49e-d774-11ec-9b41-992cfacb18f3,False,0.6343981921672821,0.6343981921672821,0.42012548446655273,0.42012518644332886,1.0881762587492052,1.3772481205177134
1151e44c-d774-11ec-9b41-992cfacb18f3,False,0.5816062092781067,0.5816061794757843,0.8137033432722092,0.8024543225765228,1.103414351497173,0.22764038542702802
118bb032-d774-11ec-9b41-992cfacb18f3,False,0.5234202146530151,0.5234202444553375,1.0975504964590073,1.1839570105075836,0.9809379862686696,0.8750745104251687
11ad7726-d774-11ec-9b41-992cfacb18f3,False,0.5478845238685608,0.547884464263916,0.7654929757118225,0.7404006123542786,0.9786960132909786,0.8528857096085924
116cea6c-d774-11ec-9b41-992cfacb18f3,False,0.7049457728862762,0.7049457430839539,0.9747965857386589,0.9747965056449175,1.0058968079220136,1.0973210632977124
1152dc62-d774-11ec-9b41-992cfacb18f3,False,0.6142677366733551,0.6142677962779999,0.20331692695617676,0.20331698656082153,0.9914413182913985,0.8433303675938048
11819a8e-d774-11ec-9b41-992cfacb18f3,False,0.35700100660324097,0.3570009469985962,0.263297438621521,0.26329606771469116,1.0717114509470507,0.7510385159117604
116c8216-d774-11ec-9b41-992cfacb18f3,False,0.4312024712562561,0.4312025308609009,0.5933520197868347,0.593351423740387,0.8453702190218453,0.25687040247138504
115fd598-d774-11ec-9b41-992cfacb18f3,False,0.45209962129592896,0.4448774456977844,0.23780399560928345,0.2011367678642273,1.1093844058604236,1.0445915028556407
114e5930-d774-11ec-9b41-992cfacb18f3,False,0.6000952422618866,0.6000953018665314,0.7354256212711334,0.7354251742362976,0.9647923178586405,0.5254392133035757
116dc036-d774-11ec-9b41-992cfacb18f3,False,0.7251619100570679,0.7251619696617126,0.7932116240262985,0.7932127565145493,0.9240500857419678,1.357701479928627
11754464-d774-11ec-9b41-992cfacb18f3,False,0.5962641537189484,0.5962641835212708,0.8666922748088837,0.866693377494812,0.9789118208837947,1.2547647863048421
119f65fa-d774-11ec-9b41-992cfacb18f3,False,0.8891541585326195,0.8891541585326195,1.5789703130722046,1.5789702534675598,1.0530175427713624,0.8717266232305808
11c325c6-d774-11ec-9b41-992cfacb18f3,False,0.5950133204460144,0.595013290643692,0.6513828039169312,0.6513817608356476,0.9829098437785524,0.8714641023856122
1170dbb8-d774-11ec-9b41-992cfacb18f3,False,0.3572925329208374,0.3572924733161926,0.8365706652402878,0.8377212733030319,0.9618862112746734,1.1264832929269668
1178b298-d774-11ec-9b41-992cfacb18f3,False,0.8021718710660934,0.8021718859672546,0.9367846325039864,0.9797421544790268,0.9032767722767346,0.9874103412567553
115efdc6-d774-11ec-9b41-992cfacb18f3,False,0.624494880437851,0.6244948506355286,0.9010903537273407,0.8887681141495705,1.082390535989403,1.0383270204138522
116c6a88-d774-11ec-9b41-992cfacb18f3,False,0.5441845059394836,0.5441845655441284,0.7798509746789932,0.765030100941658,0.9129731190159222,0.29613578712939204
1190c3ec-d774-11ec-9b41-992cfacb18f3,False,0.5037640035152435,0.5037640035152435,0.6276712417602539,0.5942393243312836,0.9566565397592552,1.0269273556095744
11bd75cc-d774-11ec-9b41-992cfacb18f3,False,0.6551530063152313,0.6551529765129089,0.285086452960968,0.285086452960968,0.845373094082535,0.43998091618764346
118e0058-d774-11ec-9b41-992cfacb18f3,False,0.8752370774745941,0.8752371072769165,1.3499201238155365,1.3499203324317932,1.1181542099160955,1.4209263453857317
1155a870-d774-11ec-9b41-992cfacb18f3,False,0.6918113231658936,0.6918113231658936,0.40461283922195435,0.4046124815940857,0.9293915389922257,1.2498942294678776
1157468a-d774-11ec-9b41-992cfacb18f3,False,0.7064942121505737,0.7064942717552185,1.415783703327179,1.610391914844513,1.0910320403453064,1.6749234633018912
11cbb100-d774-11ec-9b41-992cfacb18f3,False,0.5040293037891388,0.5040292739868164,0.3638377785682678,0.3638380765914917,1.0380838372746486,1.061953571994509
119812d2-d774-11ec-9b41-992cfacb18f3,False,0.5895997583866119,0.5895997583866119,1.0969244465231895,1.1240756809711456,0.9575675239027239,0.582934192530107
116cec38-d774-11ec-9b41-992cfacb18f3,False,0.4709567427635193,0.4709567427635193,1.2184808403253555,1.2184812426567078,0.8386240300238006,0.7662061215903824
11800318-d774-11ec-9b41-992cfacb18f3,False,0.6387161016464233,0.638716071844101,0.6592589318752289,0.6235358119010925,0.9941302981774623,1.3680564626246432
1150a3ca-d774-11ec-9b41-992cfacb18f3,False,0.455205500125885,0.455205500125885,0.4416893720626831,0.4178098440170288,0.9017029203480166,1.711693651370434
115e6c9e-d774-11ec-9b41-992cfacb18f3,False,0.5029385387897491,0.5029385387897491,1.0670922249555588,1.079055294394493,1.059837610312881,1.0276012305113957
11c7cbbc-d774-11ec-9b41-992cfacb18f3,False,0.6513496935367584,0.651349812746048,0.4997912049293518,0.3638312816619873,0.8531158286925374,0.9977450749893546
116fd5d8-d774-11ec-9b41-992cfacb18f3,False,0.5506100058555603,0.5506100356578827,1.041397824883461,0.7901766896247864,0.9538952614709996,1.0602558972881364
11af7bde-d774-11ec-9b41-992cfacb18f3,False,0.5575103163719177,0.557510256767273,1.453868418931961,1.453868955373764,0.9445862720343591,1.2917690943971025
11c3a7ee-d774-11ec-9b41-992cfacb18f3,False,0.511543482542038,0.5115434229373932,0.23210132122039795,0.23210150003433228,1.0783482799918953,1.6998941645572376
11a92bd0-d774-11ec-9b41-992cfacb18f3,False,0.49153292179107666,0.491533100605011,0.8273914009332657,0.6695934534072876,1.085971997244969,0.9999615518658281
119d3f8c-d774-11ec-9b41-992cfacb18f3,False,0.7105250954627991,0.7105251252651215,0.9826341699808836,0.9826344158500433,1.1881187310597312,1.3294202600416927
114bb266-d774-11ec-9b41-992cfacb18f3,False,0.7906004339456558,0.7906004786491394,0.9911359250545502,0.991136179305613,0.9660995448760736,0.9392365839588626
11a7b804-d774-11ec-9b41-992cfacb18f3,False,0.6105581521987915,0.6105581820011139,0.6997388005256653,0.431010365486145,0.9670495906577066,0.48679689082294586
115f1298-d774-11ec-9b41-992cfacb18f3,False,0.7004874348640442,0.7004874348640442,1.1125169023871422,1.1125180050730705,0.9375142777640322,0.45083699299143887
11948c98-d774-11ec-9b41-992cfacb18f3,False,0.5246151089668274,0.5246149897575378,1.153225526213646,0.9356977939605713,0.6784526660867887,1.0487706967422958
119ccf48-d774-11ec-9b41-992cfacb18f3,False,0.7045239508152008,0.7045239210128784,1.2782495617866516,1.2782505452632904,0.9939786096469349,1.0201875666182851
116f2e9e-d774-11ec-9b41-992cfacb18f3,False,0.6063940227031708,0.6063940227031708,0.7671989500522614,0.7671990394592285,0.8683750839322071,1.3389109500724912
11a59f88-d774-11ec-9b41-992cfacb18f3,False,0.9320052713155746,0.9320052564144135,1.3210154473781586,1.2186693996191025,0.9488910938654994,0.4548218632566069
11614aae-d774-11ec-9b41-992cfacb18f3,False,0.5880536139011383,0.5880535840988159,0.7925366014242172,0.7605616599321365,0.9827769671797029,1.3363936343441183
1194377a-d774-11ec-9b41-992cfacb18f3,False,0.541283905506134,0.541283905506134,0.40415143966674805,0.4041516184806824,0.97273883673039,0.8985006812739454
118bd850-d774-11ec-9b41-992cfacb18f3,False,0.5685243010520935,0.5685243904590607,0.817293107509613,0.784944087266922,1.0261851451940478,0.7505694849562963
116a3146-d774-11ec-9b41-992cfacb18f3,False,0.7379283905029297,0.7379283308982849,1.2257365137338638,1.2257360816001892,1.146271467212618,1.2025979874374062
114dda00-d774-11ec-9b41-992cfacb18f3,False,0.4130098819732666,0.41300976276397705,0.6653787791728973,0.6653800010681152,0.8410876558852991,0.7261193669582351
119c444c-d774-11ec-9b41-992cfacb18f3,False,0.6650213897228241,0.6650214195251465,1.041075386106968,1.041075438261032,0.9085525636212478,1.047128583784783
1176fcd2-d774-11ec-9b41-992cfacb18f3,False,0.635930597782135,0.6359305679798126,0.3308349847793579,0.41269993782043457,1.0455125450476597,1.2576524325421587
11c16ae2-d774-11ec-9b41-992cfacb18f3,False,0.6262324750423431,0.6262324750423431,0.6089253127574921,0.4305950999259949,1.0230120013595858,0.32661395255900383
1190f498-d774-11ec-9b41-992cfacb18f3,False,0.69624263048172,0.6962425708770752,1.429325520992279,1.3942903280258179,1.0871442149832182,0.6326065230422957
115d555c-d774-11ec-9b41-992cfacb18f3,False,0.711052805185318,0.711052805185318,0.6643864214420319,0.6428134441375732,0.9799743279973233,0.5479805632809538
11453c2e-d774-11ec-9b41-992cfacb18f3,False,0.5303212404251099,0.530321329832077,0.1684938669204712,0.1684941053390503,1.0451353894711193,1.9533614867246873
11967e40-d774-11ec-9b41-992cfacb18f3,False,0.5367984175682068,0.5367984771728516,1.2249690294265747,1.2249692231416702,0.8571229513575075,0.6095519676910655
11a0e6c8-d774-11ec-9b41-992cfacb18f3,False,0.5542216300964355,0.5542214810848236,1.0480268970131874,0.9050597995519638,0.9912645763684538,1.7494293422140088
11909ec6-d774-11ec-9b41-992cfacb18f3,False,0.6655137240886688,0.665513664484024,0.3576187491416931,0.35761839151382446,1.2148084918830366,1.57853904676218
11779d68-d774-11ec-9b41-992cfacb18f3,False,0.5191577970981598,0.5191578567028046,0.5601958930492401,0.5601957440376282,0.9721820782175141,0.6500509141921065
119caa4a-d774-11ec-9b41-992cfacb18f3,False,0.5553942024707794,0.555394172668457,1.1244182363152504,1.1144332364201546,0.9937689368402869,1.2541765175533943
118ce84e-d774-11ec-9b41-992cfacb18f3,False,0.7222249805927277,0.7222249805927277,0.8934261873364449,0.7717935889959335,0.9688691974458784,0.9145557763908849
11952694-d774-11ec-9b41-992cfacb18f3,False,0.46092092990875244,0.46092087030410767,1.0015855925157666,1.0496584102511406,1.2163546439372113,1.153367082859487
117b109c-d774-11ec-9b41-992cfacb18f3,False,0.6493848562240601,0.6493847370147705,0.15113884210586548,0.36218559741973877,0.9980990822995138,1.5669615687669456
11cba552-d774-11ec-9b41-992cfacb18f3,False,0.6394194960594177,0.6394194662570953,0.7990707010030746,0.7924389392137527,0.982654867545095,1.6256570769663723
11c1f4e4-d774-11ec-9b41-992cfacb18f3,False,0.6040445566177368,0.6040445268154144,1.2866719663143158,1.2866722345352173,0.9990657243560064,0.5096282150022933
11ab2d04-d774-11ec-9b41-992cfacb18f3,False,0.6185279190540314,0.6185279786586761,1.3204496800899506,1.335182011127472,0.9915890692913394,0.4157470802000969
11c955b8-d774-11ec-9b41-992cfacb18f3,False,0.6760617196559906,0.6760616898536682,0.5029231011867523,0.5029232203960419,0.918181031400333,0.9659205652386191
116ef794-d774-11ec-9b41-992cfacb18f3,False,0.6165851056575775,0.6165851354598999,0.2548799514770508,0.21953099966049194,0.9792254573297134,1.457635087178869
11969524-d774-11ec-9b41-992cfacb18f3,False,0.5708235204219818,0.5708235204219818,1.2913200557231903,1.2913200855255127,1.0989198593071878,1.3976692905806174
116e0c62-d774-11ec-9b41-992cfacb18f3,False,0.4897763133049011,0.4897763133049011,0.7799863815307617,1.0584875643253326,0.8979969514039657,0.6650903227688046
119dd7da-d774-11ec-9b41-992cfacb18f3,False,0.588302731513977,0.588302731513977,0.5526196956634521,0.926188163459301,0.9011221088077545,0.13572639605150372
